# Staggered ten-client network/render workload; setup is server-authored before profiling.
80	CLOSE	screen
200	LOOK	0 0
4000	ACTIVATE	0
4040	ACTIVATE	0
4080	ACTIVATE	0
4120	ACTIVATE	0
4160	ACTIVATE	0
4200	ACTIVATE	0
4240	ACTIVATE	0
4280	ACTIVATE	0
4320	ACTIVATE	0
4360	ACTIVATE	0
4400	ACTIVATE	0
4440	ACTIVATE	0
4480	ACTIVATE	0
4520	ACTIVATE	0
4560	ACTIVATE	0
4600	ACTIVATE	0
4640	ACTIVATE	0
4680	ACTIVATE	0
4720	ACTIVATE	0
4760	ACTIVATE	0
4800	ACTIVATE	0
4840	ACTIVATE	0
4880	ACTIVATE	0
4920	ACTIVATE	0
4960	ACTIVATE	0
5000	ACTIVATE	0
5040	ACTIVATE	0
5080	ACTIVATE	0
5120	ACTIVATE	0
5160	ACTIVATE	0
5200	ACTIVATE	0
5240	ACTIVATE	0
5280	ACTIVATE	0
5320	ACTIVATE	0
5360	ACTIVATE	0
5400	ACTIVATE	0
5440	ACTIVATE	0
5480	ACTIVATE	0
5520	ACTIVATE	0
5560	ACTIVATE	0
5600	ACTIVATE	0
5640	ACTIVATE	0
5680	ACTIVATE	0
5720	ACTIVATE	0
5760	ACTIVATE	0
5800	ACTIVATE	0
5840	ACTIVATE	0
5880	ACTIVATE	0
5920	ACTIVATE	0
5960	ACTIVATE	0
6000	ACTIVATE	0
6040	ACTIVATE	0
6080	ACTIVATE	0
6120	ACTIVATE	0
6160	ACTIVATE	0
6200	ACTIVATE	0
6240	ACTIVATE	0
6280	ACTIVATE	0
6320	ACTIVATE	0
6360	ACTIVATE	0
6400	ACTIVATE	0
6440	ACTIVATE	0
6480	ACTIVATE	0
6520	ACTIVATE	0
6560	ACTIVATE	0
6600	ACTIVATE	0
6640	ACTIVATE	0
6680	ACTIVATE	0
6720	ACTIVATE	0
6760	ACTIVATE	0
6800	ACTIVATE	0
6840	ACTIVATE	0
6880	ACTIVATE	0
6920	ACTIVATE	0
6960	ACTIVATE	0
7000	ACTIVATE	0
7040	ACTIVATE	0
7080	ACTIVATE	0
7120	ACTIVATE	0
7160	ACTIVATE	0
7200	ACTIVATE	0
7240	ACTIVATE	0
7280	ACTIVATE	0
7320	ACTIVATE	0
7360	ACTIVATE	0
7400	ACTIVATE	0
7440	ACTIVATE	0
7480	ACTIVATE	0
7520	ACTIVATE	0
7560	ACTIVATE	0
7600	ACTIVATE	0
7640	ACTIVATE	0
7680	ACTIVATE	0
7720	ACTIVATE	0
7760	ACTIVATE	0
7800	ACTIVATE	0
7840	ACTIVATE	0
7880	ACTIVATE	0
7920	ACTIVATE	0
7960	ACTIVATE	0
8000	ACTIVATE	0
8040	ACTIVATE	0
8080	ACTIVATE	0
8120	ACTIVATE	0
8160	ACTIVATE	0
8200	ACTIVATE	0
8240	ACTIVATE	0
8280	ACTIVATE	0
8320	ACTIVATE	0
8360	ACTIVATE	0
8400	ACTIVATE	0
8440	ACTIVATE	0
8480	ACTIVATE	0
8520	ACTIVATE	0
8560	ACTIVATE	0
8600	ACTIVATE	0
8640	ACTIVATE	0
8680	ACTIVATE	0
8720	ACTIVATE	0
8760	ACTIVATE	0
8800	ACTIVATE	0
8840	ACTIVATE	0
8880	ACTIVATE	0
8920	ACTIVATE	0
8960	ACTIVATE	0
9000	ACTIVATE	0
9040	ACTIVATE	0
9080	ACTIVATE	0
9120	ACTIVATE	0
9160	ACTIVATE	0
9200	ACTIVATE	0
9240	ACTIVATE	0
9280	ACTIVATE	0
9320	ACTIVATE	0
9360	ACTIVATE	0
9400	ACTIVATE	0
9440	ACTIVATE	0
9480	ACTIVATE	0
9520	ACTIVATE	0
9560	ACTIVATE	0
9600	ACTIVATE	0
9640	ACTIVATE	0
9680	ACTIVATE	0
9720	ACTIVATE	0
9760	ACTIVATE	0
9800	ACTIVATE	0
9840	ACTIVATE	0
9880	ACTIVATE	0
9920	ACTIVATE	0
9960	ACTIVATE	0
10000	ACTIVATE	0
10040	ACTIVATE	0
10080	ACTIVATE	0
10120	ACTIVATE	0
10160	ACTIVATE	0
10200	ACTIVATE	0
10240	ACTIVATE	0
10280	ACTIVATE	0
10320	ACTIVATE	0
10360	ACTIVATE	0
10400	ACTIVATE	0
10440	ACTIVATE	0
10480	ACTIVATE	0
10520	ACTIVATE	0
10560	ACTIVATE	0
10600	ACTIVATE	0
10640	ACTIVATE	0
10680	ACTIVATE	0
10720	ACTIVATE	0
10760	ACTIVATE	0
10800	ACTIVATE	0
10840	ACTIVATE	0
10880	ACTIVATE	0
10920	ACTIVATE	0
10960	ACTIVATE	0
11000	ACTIVATE	0
11040	ACTIVATE	0
11080	ACTIVATE	0
11120	ACTIVATE	0
11160	ACTIVATE	0
11200	ACTIVATE	0
11240	ACTIVATE	0
11280	ACTIVATE	0
11320	ACTIVATE	0
11360	ACTIVATE	0
11400	ACTIVATE	0
11440	ACTIVATE	0
11480	ACTIVATE	0
11520	ACTIVATE	0
11560	ACTIVATE	0
11600	ACTIVATE	0
11640	ACTIVATE	0
11680	ACTIVATE	0
11720	ACTIVATE	0
11760	ACTIVATE	0
11800	ACTIVATE	0
11840	ACTIVATE	0
11880	ACTIVATE	0
11920	ACTIVATE	0
11960	ACTIVATE	0
12000	ACTIVATE	0
12040	ACTIVATE	0
12080	ACTIVATE	0
12120	ACTIVATE	0
12160	ACTIVATE	0
12200	ACTIVATE	0
12240	ACTIVATE	0
12280	ACTIVATE	0
12320	ACTIVATE	0
12360	ACTIVATE	0
12400	ACTIVATE	0
12440	ACTIVATE	0
12480	ACTIVATE	0
12520	ACTIVATE	0
12560	ACTIVATE	0
12600	ACTIVATE	0
12640	ACTIVATE	0
12680	ACTIVATE	0
12720	ACTIVATE	0
12760	ACTIVATE	0
12800	ACTIVATE	0
12840	ACTIVATE	0
12880	ACTIVATE	0
12920	ACTIVATE	0
12960	ACTIVATE	0
13000	ACTIVATE	0
13040	ACTIVATE	0
13080	ACTIVATE	0
13120	ACTIVATE	0
13160	ACTIVATE	0
13200	ACTIVATE	0
13240	ACTIVATE	0
13280	ACTIVATE	0
13320	ACTIVATE	0
13360	ACTIVATE	0
13400	ACTIVATE	0
13440	ACTIVATE	0
13480	ACTIVATE	0
13520	ACTIVATE	0
13560	ACTIVATE	0
13600	ACTIVATE	0
13640	ACTIVATE	0
13680	ACTIVATE	0
13720	ACTIVATE	0
13760	ACTIVATE	0
13800	ACTIVATE	0
13840	ACTIVATE	0
13880	ACTIVATE	0
13920	ACTIVATE	0
13960	ACTIVATE	0
14000	ACTIVATE	0
14040	ACTIVATE	0
14080	ACTIVATE	0
14120	ACTIVATE	0
14160	ACTIVATE	0
14200	ACTIVATE	0
14240	ACTIVATE	0
14280	ACTIVATE	0
14320	ACTIVATE	0
14360	ACTIVATE	0
14400	ACTIVATE	0
14440	ACTIVATE	0
14480	ACTIVATE	0
14520	ACTIVATE	0
14560	ACTIVATE	0
14600	ACTIVATE	0
14640	ACTIVATE	0
14680	ACTIVATE	0
14720	ACTIVATE	0
14760	ACTIVATE	0
14800	ACTIVATE	0
14840	ACTIVATE	0
14880	ACTIVATE	0
14920	ACTIVATE	0
14960	ACTIVATE	0
15000	ACTIVATE	0
15040	ACTIVATE	0
15080	ACTIVATE	0
15120	ACTIVATE	0
15160	ACTIVATE	0
15200	ACTIVATE	0
15240	ACTIVATE	0
15280	ACTIVATE	0
15320	ACTIVATE	0
15360	ACTIVATE	0
15400	ACTIVATE	0
15440	ACTIVATE	0
15480	ACTIVATE	0
15520	ACTIVATE	0
15560	ACTIVATE	0
15600	ACTIVATE	0
15640	ACTIVATE	0
15680	ACTIVATE	0
15720	ACTIVATE	0
15760	ACTIVATE	0
15800	ACTIVATE	0
15840	ACTIVATE	0
15880	ACTIVATE	0
15920	ACTIVATE	0
15960	ACTIVATE	0
16000	ACTIVATE	0
16040	ACTIVATE	0
16080	ACTIVATE	0
16120	ACTIVATE	0
16160	ACTIVATE	0
16200	ACTIVATE	0
16240	ACTIVATE	0
16280	ACTIVATE	0
16320	ACTIVATE	0
16360	ACTIVATE	0
16400	ACTIVATE	0
16440	ACTIVATE	0
16480	ACTIVATE	0
16520	ACTIVATE	0
16560	ACTIVATE	0
16600	ACTIVATE	0
16640	ACTIVATE	0
16680	ACTIVATE	0
16720	ACTIVATE	0
16760	ACTIVATE	0
16800	ACTIVATE	0
16840	ACTIVATE	0
16880	ACTIVATE	0
16920	ACTIVATE	0
16960	ACTIVATE	0
17000	ACTIVATE	0
17040	ACTIVATE	0
17080	ACTIVATE	0
17120	ACTIVATE	0
17160	ACTIVATE	0
17200	ACTIVATE	0
17240	ACTIVATE	0
17280	ACTIVATE	0
17320	ACTIVATE	0
17360	ACTIVATE	0
17400	ACTIVATE	0
17440	ACTIVATE	0
17480	ACTIVATE	0
17520	ACTIVATE	0
17560	ACTIVATE	0
17600	ACTIVATE	0
17640	ACTIVATE	0
17680	ACTIVATE	0
17720	ACTIVATE	0
17760	ACTIVATE	0
17800	ACTIVATE	0
17840	ACTIVATE	0
17880	ACTIVATE	0
17920	ACTIVATE	0
17960	ACTIVATE	0
18000	ACTIVATE	0
18040	ACTIVATE	0
18080	ACTIVATE	0
18120	ACTIVATE	0
18160	ACTIVATE	0
18200	ACTIVATE	0
18240	ACTIVATE	0
18280	ACTIVATE	0
18320	ACTIVATE	0
18360	ACTIVATE	0
18400	ACTIVATE	0
18440	ACTIVATE	0
18480	ACTIVATE	0
18520	ACTIVATE	0
18560	ACTIVATE	0
18600	ACTIVATE	0
18640	ACTIVATE	0
18680	ACTIVATE	0
18720	ACTIVATE	0
18760	ACTIVATE	0
18800	ACTIVATE	0
18840	ACTIVATE	0
18880	ACTIVATE	0
18920	ACTIVATE	0
18960	ACTIVATE	0
19000	ACTIVATE	0
19040	ACTIVATE	0
19080	ACTIVATE	0
19120	ACTIVATE	0
19160	ACTIVATE	0
19200	ACTIVATE	0
19240	ACTIVATE	0
19280	ACTIVATE	0
19320	ACTIVATE	0
19360	ACTIVATE	0
19400	ACTIVATE	0
19440	ACTIVATE	0
19480	ACTIVATE	0
19520	ACTIVATE	0
19560	ACTIVATE	0
19600	ACTIVATE	0
19640	ACTIVATE	0
19680	ACTIVATE	0
19720	ACTIVATE	0
19760	ACTIVATE	0
19800	ACTIVATE	0
19840	ACTIVATE	0
19880	ACTIVATE	0
19920	ACTIVATE	0
19960	ACTIVATE	0
20000	ACTIVATE	0
20040	ACTIVATE	0
20080	ACTIVATE	0
20120	ACTIVATE	0
20160	ACTIVATE	0
20200	ACTIVATE	0
20240	ACTIVATE	0
20280	ACTIVATE	0
20320	ACTIVATE	0
20360	ACTIVATE	0
20400	ACTIVATE	0
20440	ACTIVATE	0
20480	ACTIVATE	0
20520	ACTIVATE	0
20560	ACTIVATE	0
20600	ACTIVATE	0
20640	ACTIVATE	0
20680	ACTIVATE	0
20720	ACTIVATE	0
20760	ACTIVATE	0
20800	ACTIVATE	0
20840	ACTIVATE	0
20880	ACTIVATE	0
20920	ACTIVATE	0
20960	ACTIVATE	0
21000	ACTIVATE	0
21040	ACTIVATE	0
21080	ACTIVATE	0
21120	ACTIVATE	0
21160	ACTIVATE	0
21200	ACTIVATE	0
21240	ACTIVATE	0
21280	ACTIVATE	0
21320	ACTIVATE	0
21360	ACTIVATE	0
21400	ACTIVATE	0
21440	ACTIVATE	0
21480	ACTIVATE	0
21520	ACTIVATE	0
21560	ACTIVATE	0
21600	ACTIVATE	0
21640	ACTIVATE	0
21680	ACTIVATE	0
21720	ACTIVATE	0
21760	ACTIVATE	0
21800	ACTIVATE	0
21840	ACTIVATE	0
21880	ACTIVATE	0
21920	ACTIVATE	0
21960	ACTIVATE	0
22000	ACTIVATE	0
22040	ACTIVATE	0
22080	ACTIVATE	0
22120	ACTIVATE	0
22160	ACTIVATE	0
22200	ACTIVATE	0
22240	ACTIVATE	0
22280	ACTIVATE	0
22320	ACTIVATE	0
22360	ACTIVATE	0
22400	ACTIVATE	0
22440	ACTIVATE	0
22480	ACTIVATE	0
22520	ACTIVATE	0
22560	ACTIVATE	0
22600	ACTIVATE	0
22640	ACTIVATE	0
22680	ACTIVATE	0
22720	ACTIVATE	0
22760	ACTIVATE	0
22800	ACTIVATE	0
22840	ACTIVATE	0
22880	ACTIVATE	0
22920	ACTIVATE	0
22960	ACTIVATE	0
23000	ACTIVATE	0
23040	ACTIVATE	0
23080	ACTIVATE	0
23120	ACTIVATE	0
23160	ACTIVATE	0
23200	ACTIVATE	0
23240	ACTIVATE	0
23280	ACTIVATE	0
23320	ACTIVATE	0
23360	ACTIVATE	0
23400	ACTIVATE	0
23440	ACTIVATE	0
23480	ACTIVATE	0
23520	ACTIVATE	0
23560	ACTIVATE	0
23600	ACTIVATE	0
23640	ACTIVATE	0
23680	ACTIVATE	0
23720	ACTIVATE	0
23760	ACTIVATE	0
23800	ACTIVATE	0
23840	ACTIVATE	0
23880	ACTIVATE	0
23920	ACTIVATE	0
23960	ACTIVATE	0
24000	ACTIVATE	0
24040	ACTIVATE	0
24080	ACTIVATE	0
24120	ACTIVATE	0
24160	ACTIVATE	0
24200	ACTIVATE	0
24240	ACTIVATE	0
24280	ACTIVATE	0
24320	ACTIVATE	0
24360	ACTIVATE	0
24400	ACTIVATE	0
24440	ACTIVATE	0
24480	ACTIVATE	0
24520	ACTIVATE	0
24560	ACTIVATE	0
24600	ACTIVATE	0
24640	ACTIVATE	0
24680	ACTIVATE	0
24720	ACTIVATE	0
24760	ACTIVATE	0
24800	ACTIVATE	0
24840	ACTIVATE	0
24880	ACTIVATE	0
24920	ACTIVATE	0
24960	ACTIVATE	0
25000	ACTIVATE	0
25040	ACTIVATE	0
25080	ACTIVATE	0
25120	ACTIVATE	0
25160	ACTIVATE	0
25200	ACTIVATE	0
25240	ACTIVATE	0
25280	ACTIVATE	0
25320	ACTIVATE	0
25360	ACTIVATE	0
25400	ACTIVATE	0
25440	ACTIVATE	0
25480	ACTIVATE	0
25520	ACTIVATE	0
25560	ACTIVATE	0
25600	ACTIVATE	0
25640	ACTIVATE	0
25680	ACTIVATE	0
25720	ACTIVATE	0
25760	ACTIVATE	0
25800	ACTIVATE	0
25840	ACTIVATE	0
25880	ACTIVATE	0
25920	ACTIVATE	0
25960	ACTIVATE	0
26000	ACTIVATE	0
26040	ACTIVATE	0
26080	ACTIVATE	0
26120	ACTIVATE	0
26160	ACTIVATE	0
26200	ACTIVATE	0
26240	ACTIVATE	0
26280	ACTIVATE	0
26320	ACTIVATE	0
26360	ACTIVATE	0
26400	ACTIVATE	0
26440	ACTIVATE	0
26480	ACTIVATE	0
26520	ACTIVATE	0
26560	ACTIVATE	0
26600	ACTIVATE	0
26640	ACTIVATE	0
26680	ACTIVATE	0
26720	ACTIVATE	0
26760	ACTIVATE	0
26800	ACTIVATE	0
26840	ACTIVATE	0
26880	ACTIVATE	0
26920	ACTIVATE	0
26960	ACTIVATE	0
27000	ACTIVATE	0
27040	ACTIVATE	0
27080	ACTIVATE	0
27120	ACTIVATE	0
27160	ACTIVATE	0
27200	ACTIVATE	0
27240	ACTIVATE	0
27280	ACTIVATE	0
27320	ACTIVATE	0
27360	ACTIVATE	0
27400	ACTIVATE	0
27440	ACTIVATE	0
27480	ACTIVATE	0
27520	ACTIVATE	0
27560	ACTIVATE	0
27600	ACTIVATE	0
27640	ACTIVATE	0
27680	ACTIVATE	0
27720	ACTIVATE	0
27760	ACTIVATE	0
27800	ACTIVATE	0
27840	ACTIVATE	0
27880	ACTIVATE	0
27920	ACTIVATE	0
27960	ACTIVATE	0
28000	ACTIVATE	0
28040	ACTIVATE	0
28080	ACTIVATE	0
28120	ACTIVATE	0
28160	ACTIVATE	0
28200	ACTIVATE	0
28240	ACTIVATE	0
28280	ACTIVATE	0
28320	ACTIVATE	0
28360	ACTIVATE	0
28400	ACTIVATE	0
28440	ACTIVATE	0
28480	ACTIVATE	0
28520	ACTIVATE	0
28560	ACTIVATE	0
28600	ACTIVATE	0
28640	ACTIVATE	0
28680	ACTIVATE	0
28720	ACTIVATE	0
28760	ACTIVATE	0
28800	ACTIVATE	0
28840	ACTIVATE	0
28880	ACTIVATE	0
28920	ACTIVATE	0
28960	ACTIVATE	0
29000	ACTIVATE	0
29040	ACTIVATE	0
29080	ACTIVATE	0
29120	ACTIVATE	0
29160	ACTIVATE	0
29200	ACTIVATE	0
29240	ACTIVATE	0
29280	ACTIVATE	0
29320	ACTIVATE	0
29360	ACTIVATE	0
29400	ACTIVATE	0
29440	ACTIVATE	0
29480	ACTIVATE	0
29520	ACTIVATE	0
29560	ACTIVATE	0
29600	ACTIVATE	0
29640	ACTIVATE	0
29680	ACTIVATE	0
29720	ACTIVATE	0
29760	ACTIVATE	0
29800	ACTIVATE	0
29840	ACTIVATE	0
29880	ACTIVATE	0
29920	ACTIVATE	0
29960	ACTIVATE	0
30000	ACTIVATE	0
30040	ACTIVATE	0
30080	ACTIVATE	0
30120	ACTIVATE	0
30160	ACTIVATE	0
30200	ACTIVATE	0
30240	ACTIVATE	0
30280	ACTIVATE	0
30320	ACTIVATE	0
30360	ACTIVATE	0
30400	ACTIVATE	0
30440	ACTIVATE	0
30480	ACTIVATE	0
30520	ACTIVATE	0
30560	ACTIVATE	0
30600	ACTIVATE	0
30640	ACTIVATE	0
30680	ACTIVATE	0
30720	ACTIVATE	0
30760	ACTIVATE	0
30800	ACTIVATE	0
30840	ACTIVATE	0
30880	ACTIVATE	0
30920	ACTIVATE	0
30960	ACTIVATE	0
31000	ACTIVATE	0
31040	ACTIVATE	0
31080	ACTIVATE	0
31120	ACTIVATE	0
31160	ACTIVATE	0
31200	ACTIVATE	0
31240	ACTIVATE	0
31280	ACTIVATE	0
31320	ACTIVATE	0
31360	ACTIVATE	0
31400	ACTIVATE	0
31440	ACTIVATE	0
31480	ACTIVATE	0
31520	ACTIVATE	0
31560	ACTIVATE	0
31600	ACTIVATE	0
31640	ACTIVATE	0
31680	ACTIVATE	0
31720	ACTIVATE	0
31760	ACTIVATE	0
31800	ACTIVATE	0
31840	ACTIVATE	0
31880	ACTIVATE	0
31920	ACTIVATE	0
31960	ACTIVATE	0
32000	ACTIVATE	0
32040	ACTIVATE	0
32080	ACTIVATE	0
32120	ACTIVATE	0
32160	ACTIVATE	0
32200	ACTIVATE	0
32240	ACTIVATE	0
32280	ACTIVATE	0
32320	ACTIVATE	0
32360	ACTIVATE	0
32400	ACTIVATE	0
32440	ACTIVATE	0
32480	ACTIVATE	0
32520	ACTIVATE	0
32560	ACTIVATE	0
32600	ACTIVATE	0
32640	ACTIVATE	0
32680	ACTIVATE	0
32720	ACTIVATE	0
32760	ACTIVATE	0
32800	ACTIVATE	0
32840	ACTIVATE	0
32880	ACTIVATE	0
32920	ACTIVATE	0
32960	ACTIVATE	0
33000	ACTIVATE	0
33040	ACTIVATE	0
33080	ACTIVATE	0
33120	ACTIVATE	0
33160	ACTIVATE	0
33200	ACTIVATE	0
33240	ACTIVATE	0
33280	ACTIVATE	0
33320	ACTIVATE	0
33360	ACTIVATE	0
33400	ACTIVATE	0
33440	ACTIVATE	0
33480	ACTIVATE	0
33520	ACTIVATE	0
33560	ACTIVATE	0
33600	ACTIVATE	0
33640	ACTIVATE	0
33680	ACTIVATE	0
33720	ACTIVATE	0
33760	ACTIVATE	0
33800	ACTIVATE	0
33840	ACTIVATE	0
33880	ACTIVATE	0
33920	ACTIVATE	0
33960	ACTIVATE	0
34000	ACTIVATE	0
34040	ACTIVATE	0
34080	ACTIVATE	0
34120	ACTIVATE	0
34160	ACTIVATE	0
34200	ACTIVATE	0
34240	ACTIVATE	0
34280	ACTIVATE	0
34320	ACTIVATE	0
34360	ACTIVATE	0
34400	ACTIVATE	0
34440	ACTIVATE	0
34480	ACTIVATE	0
34520	ACTIVATE	0
34560	ACTIVATE	0
34600	ACTIVATE	0
34640	ACTIVATE	0
34680	ACTIVATE	0
34720	ACTIVATE	0
34760	ACTIVATE	0
34800	ACTIVATE	0
34840	ACTIVATE	0
34880	ACTIVATE	0
34920	ACTIVATE	0
34960	ACTIVATE	0
35000	ACTIVATE	0
35040	ACTIVATE	0
35080	ACTIVATE	0
35120	ACTIVATE	0
35160	ACTIVATE	0
35200	ACTIVATE	0
35240	ACTIVATE	0
35280	ACTIVATE	0
35320	ACTIVATE	0
35360	ACTIVATE	0
35400	ACTIVATE	0
35440	ACTIVATE	0
35480	ACTIVATE	0
35520	ACTIVATE	0
35560	ACTIVATE	0
35600	ACTIVATE	0
35640	ACTIVATE	0
35680	ACTIVATE	0
35720	ACTIVATE	0
35760	ACTIVATE	0
35800	ACTIVATE	0
35840	ACTIVATE	0
35880	ACTIVATE	0
35920	ACTIVATE	0
35960	ACTIVATE	0
36000	ACTIVATE	0
36040	ACTIVATE	0
36080	ACTIVATE	0
36120	ACTIVATE	0
36160	ACTIVATE	0
36200	ACTIVATE	0
36240	ACTIVATE	0
36280	ACTIVATE	0
36320	ACTIVATE	0
36360	ACTIVATE	0
36400	ACTIVATE	0
36440	ACTIVATE	0
36480	ACTIVATE	0
36520	ACTIVATE	0
36560	ACTIVATE	0
36600	ACTIVATE	0
36640	ACTIVATE	0
36680	ACTIVATE	0
36720	ACTIVATE	0
36760	ACTIVATE	0
36800	ACTIVATE	0
36840	ACTIVATE	0
36880	ACTIVATE	0
36920	ACTIVATE	0
36960	ACTIVATE	0
37000	ACTIVATE	0
37040	ACTIVATE	0
37080	ACTIVATE	0
37120	ACTIVATE	0
37160	ACTIVATE	0
37200	ACTIVATE	0
37240	ACTIVATE	0
37280	ACTIVATE	0
37320	ACTIVATE	0
37360	ACTIVATE	0
37400	ACTIVATE	0
37440	ACTIVATE	0
37480	ACTIVATE	0
37520	ACTIVATE	0
37560	ACTIVATE	0
37600	ACTIVATE	0
37640	ACTIVATE	0
37680	ACTIVATE	0
37720	ACTIVATE	0
37760	ACTIVATE	0
37800	ACTIVATE	0
37840	ACTIVATE	0
37880	ACTIVATE	0
37920	ACTIVATE	0
37960	ACTIVATE	0
38000	ACTIVATE	0
38040	ACTIVATE	0
38080	ACTIVATE	0
38120	ACTIVATE	0
38160	ACTIVATE	0
38200	ACTIVATE	0
38240	ACTIVATE	0
38280	ACTIVATE	0
38320	ACTIVATE	0
38360	ACTIVATE	0
38400	ACTIVATE	0
38440	ACTIVATE	0
38480	ACTIVATE	0
38520	ACTIVATE	0
38560	ACTIVATE	0
38600	ACTIVATE	0
38640	ACTIVATE	0
38680	ACTIVATE	0
38720	ACTIVATE	0
38760	ACTIVATE	0
38800	ACTIVATE	0
38840	ACTIVATE	0
38880	ACTIVATE	0
38920	ACTIVATE	0
38960	ACTIVATE	0
39000	ACTIVATE	0
39040	ACTIVATE	0
39080	ACTIVATE	0
39120	ACTIVATE	0
39160	ACTIVATE	0
39200	ACTIVATE	0
39240	ACTIVATE	0
39280	ACTIVATE	0
39320	ACTIVATE	0
39360	ACTIVATE	0
39400	ACTIVATE	0
39440	ACTIVATE	0
39480	ACTIVATE	0
39520	ACTIVATE	0
39560	ACTIVATE	0
39600	ACTIVATE	0
39640	ACTIVATE	0
39680	ACTIVATE	0
39720	ACTIVATE	0
39760	ACTIVATE	0
39800	ACTIVATE	0
39840	ACTIVATE	0
39880	ACTIVATE	0
39920	ACTIVATE	0
39960	ACTIVATE	0
40000	ACTIVATE	0
40040	ACTIVATE	0
40080	ACTIVATE	0
40120	ACTIVATE	0
40160	ACTIVATE	0
40200	ACTIVATE	0
40240	ACTIVATE	0
40280	ACTIVATE	0
40320	ACTIVATE	0
40360	ACTIVATE	0
40400	ACTIVATE	0
40440	ACTIVATE	0
40480	ACTIVATE	0
40520	ACTIVATE	0
40560	ACTIVATE	0
40600	ACTIVATE	0
40640	ACTIVATE	0
40680	ACTIVATE	0
40720	ACTIVATE	0
40760	ACTIVATE	0
40800	ACTIVATE	0
40840	ACTIVATE	0
40880	ACTIVATE	0
40920	ACTIVATE	0
40960	ACTIVATE	0
41000	ACTIVATE	0
41040	ACTIVATE	0
41080	ACTIVATE	0
41120	ACTIVATE	0
41160	ACTIVATE	0
41200	ACTIVATE	0
41240	ACTIVATE	0
41280	ACTIVATE	0
41320	ACTIVATE	0
41360	ACTIVATE	0
41400	ACTIVATE	0
41440	ACTIVATE	0
41480	ACTIVATE	0
41520	ACTIVATE	0
41560	ACTIVATE	0
41600	ACTIVATE	0
41640	ACTIVATE	0
41680	ACTIVATE	0
41720	ACTIVATE	0
41760	ACTIVATE	0
41800	ACTIVATE	0
41840	ACTIVATE	0
41880	ACTIVATE	0
41920	ACTIVATE	0
41960	ACTIVATE	0
42000	ACTIVATE	0
42040	ACTIVATE	0
42080	ACTIVATE	0
42120	ACTIVATE	0
42160	ACTIVATE	0
42200	ACTIVATE	0
42240	ACTIVATE	0
42280	ACTIVATE	0
42320	ACTIVATE	0
42360	ACTIVATE	0
42400	ACTIVATE	0
42440	ACTIVATE	0
42480	ACTIVATE	0
42520	ACTIVATE	0
42560	ACTIVATE	0
42600	ACTIVATE	0
42640	ACTIVATE	0
42680	ACTIVATE	0
42720	ACTIVATE	0
42760	ACTIVATE	0
42800	ACTIVATE	0
42840	ACTIVATE	0
42880	ACTIVATE	0
42920	ACTIVATE	0
42960	ACTIVATE	0
43000	ACTIVATE	0
43040	ACTIVATE	0
43080	ACTIVATE	0
43120	ACTIVATE	0
43160	ACTIVATE	0
43200	ACTIVATE	0
43240	ACTIVATE	0
43280	ACTIVATE	0
43320	ACTIVATE	0
43360	ACTIVATE	0
43400	ACTIVATE	0
43440	ACTIVATE	0
43480	ACTIVATE	0
43520	ACTIVATE	0
43560	ACTIVATE	0
43600	ACTIVATE	0
43640	ACTIVATE	0
43680	ACTIVATE	0
43720	ACTIVATE	0
43760	ACTIVATE	0
43800	ACTIVATE	0
43840	ACTIVATE	0
43880	ACTIVATE	0
43920	ACTIVATE	0
43960	ACTIVATE	0
44000	ACTIVATE	0
44020	SCREENSHOT	profile-end
